{"cameraMode":{"drawMode":0,"name":"Shaded","section":"Shading Mode"},"sceneLighting":true,"audioPlay":false,"sceneViewState":{"m_AlwaysRefresh":false,"showFog":true,"showSkybox":true,"showFlares":true,"showImageEffects":true,"showParticleSystems":true,"showVisualEffectGraphs":true,"m_FxEnabled":true},"in2DMode":false,"pivot":{"x":193.31427001953126,"y":-2.6062698364257814,"z":397.05645751953127},"rotation":{"x":0.16331321001052857,"y":0.19540998339653016,"z":-0.03301917389035225,"w":0.9664679765701294},"size":136.07644653320313,"orthographic":false}