{"cameraMode":{"drawMode":0,"name":"Shaded","section":"Shading Mode"},"sceneLighting":true,"audioPlay":false,"sceneViewState":{"m_AlwaysRefresh":false,"showFog":true,"showSkybox":true,"showFlares":true,"showImageEffects":true,"showParticleSystems":true,"showVisualEffectGraphs":true,"m_FxEnabled":true},"in2DMode":false,"pivot":{"x":63.68547821044922,"y":17.904502868652345,"z":310.19586181640627},"rotation":{"x":-0.0036217591259628536,"y":0.9882608652114868,"z":-0.15087762475013734,"w":-0.023722819983959199},"size":48.66028594970703,"orthographic":false}