{"cameraMode":{"drawMode":0,"name":"Shaded","section":"Shading Mode"},"sceneLighting":true,"audioPlay":false,"sceneViewState":{"m_AlwaysRefresh":false,"showFog":true,"showSkybox":true,"showFlares":true,"showImageEffects":true,"showParticleSystems":true,"showVisualEffectGraphs":true,"m_FxEnabled":true},"in2DMode":false,"pivot":{"x":3.456855535507202,"y":-0.2750389575958252,"z":3.214986801147461},"rotation":{"x":0.17162257432937623,"y":0.016254527494311334,"z":-0.002832152182236314,"w":0.9850263595581055},"size":38.062652587890628,"orthographic":false}