{"cameraMode":{"drawMode":0,"name":"Shaded","section":"Shading Mode"},"sceneLighting":true,"audioPlay":false,"sceneViewState":{"m_AlwaysRefresh":false,"showFog":true,"showSkybox":true,"showFlares":true,"showImageEffects":true,"showParticleSystems":true,"showVisualEffectGraphs":true,"m_FxEnabled":true},"in2DMode":false,"pivot":{"x":592.6723022460938,"y":1149.974853515625,"z":234.4569091796875},"rotation":{"x":0.14094607532024384,"y":-0.1214475929737091,"z":0.017425546422600747,"w":0.9823923707008362},"size":1123.1815185546875,"orthographic":false}