{"cameraMode":{"drawMode":0,"name":"Shaded","section":"Shading Mode"},"sceneLighting":true,"audioPlay":false,"sceneViewState":{"m_AlwaysRefresh":false,"showFog":true,"showSkybox":true,"showFlares":true,"showImageEffects":true,"showParticleSystems":true,"showVisualEffectGraphs":true,"m_FxEnabled":true},"in2DMode":false,"pivot":{"x":1371.81884765625,"y":810.7435302734375,"z":277.582275390625},"rotation":{"x":0.07338219881057739,"y":0.03738998994231224,"z":-0.0027531723026186229,"w":0.9965986609458923},"size":382.70074462890627,"orthographic":false}