{"cameraMode":{"drawMode":0,"name":"Shaded","section":"Shading Mode"},"sceneLighting":true,"audioPlay":false,"sceneViewState":{"m_AlwaysRefresh":false,"showFog":true,"showSkybox":true,"showFlares":true,"showImageEffects":true,"showParticleSystems":true,"showVisualEffectGraphs":true,"m_FxEnabled":true},"in2DMode":false,"pivot":{"x":-4.259222507476807,"y":1.0655523538589478,"z":28.869489669799806},"rotation":{"x":-0.00006960113387322053,"y":0.9989200234413147,"z":-0.04648323729634285,"w":-0.0014984644949436188},"size":1.0912322998046876,"orthographic":false}