{"cameraMode":{"drawMode":0,"name":"Shaded","section":"Shading Mode"},"sceneLighting":true,"audioPlay":false,"sceneViewState":{"m_AlwaysRefresh":false,"showFog":true,"showSkybox":true,"showFlares":true,"showImageEffects":true,"showParticleSystems":true,"showVisualEffectGraphs":true,"m_FxEnabled":true},"in2DMode":false,"pivot":{"x":2.3947391510009767,"y":-8.038363456726075,"z":15.371747970581055},"rotation":{"x":0.22426126897335053,"y":0.05113701894879341,"z":-0.011781428940594197,"w":0.9731289744377136},"size":14.208717346191407,"orthographic":false}