{"cameraMode":{"drawMode":0,"name":"Shaded","section":"Shading Mode"},"sceneLighting":true,"audioPlay":false,"sceneViewState":{"m_AlwaysRefresh":false,"showFog":true,"showSkybox":true,"showFlares":true,"showImageEffects":true,"showParticleSystems":true,"showVisualEffectGraphs":true,"m_FxEnabled":true},"in2DMode":false,"pivot":{"x":11.108467102050782,"y":-0.3428516387939453,"z":-22.657588958740236},"rotation":{"x":0.18574951589107514,"y":-0.528743326663971,"z":0.11984705179929733,"w":0.8194908499717712},"size":1.1357028484344483,"orthographic":false}