{"cameraMode":{"drawMode":0,"name":"Shaded","section":"Shading Mode"},"sceneLighting":true,"audioPlay":false,"sceneViewState":{"m_AlwaysRefresh":false,"showFog":true,"showSkybox":true,"showFlares":true,"showImageEffects":true,"showParticleSystems":true,"showVisualEffectGraphs":true,"m_FxEnabled":true},"in2DMode":false,"pivot":{"x":6.215115547180176,"y":0.06467247009277344,"z":23.474109649658204},"rotation":{"x":-0.3752651512622833,"y":0.08518347889184952,"z":-0.03465809300541878,"w":-0.9223666787147522},"size":15.719320297241211,"orthographic":false}