{"cameraMode":{"drawMode":0,"name":"Shaded","section":"Shading Mode"},"sceneLighting":true,"audioPlay":false,"sceneViewState":{"m_AlwaysRefresh":false,"showFog":true,"showSkybox":true,"showFlares":true,"showImageEffects":true,"showParticleSystems":true,"showVisualEffectGraphs":true,"m_FxEnabled":true},"in2DMode":false,"pivot":{"x":-16.449871063232423,"y":-0.19319438934326173,"z":-3.243346691131592},"rotation":{"x":0.3529314398765564,"y":0.22280161082744599,"z":-0.08692961186170578,"w":0.9045679569244385},"size":2.1358554363250734,"orthographic":false}