{"cameraMode":{"drawMode":0,"name":"Shaded","section":"Shading Mode"},"sceneLighting":true,"audioPlay":false,"sceneViewState":{"m_AlwaysRefresh":false,"showFog":true,"showSkybox":true,"showFlares":true,"showImageEffects":true,"showParticleSystems":true,"showVisualEffectGraphs":true,"m_FxEnabled":true},"in2DMode":false,"pivot":{"x":9.286763191223145,"y":-31.70159912109375,"z":-6.1225128173828129},"rotation":{"x":-0.007938272319734097,"y":-0.9278770685195923,"z":0.3723205327987671,"w":-0.019760174676775934},"size":44.58617401123047,"orthographic":false}