{"cameraMode":{"drawMode":0,"name":"Shaded","section":"Shading Mode"},"sceneLighting":true,"audioPlay":false,"sceneViewState":{"m_AlwaysRefresh":false,"showFog":true,"showSkybox":true,"showFlares":true,"showImageEffects":true,"showParticleSystems":true,"showVisualEffectGraphs":true,"m_FxEnabled":true},"in2DMode":false,"pivot":{"x":-1.0497044324874879,"y":-2.878516674041748,"z":0.16998863220214845},"rotation":{"x":0.24778208136558534,"y":0.028476277366280557,"z":-0.007287497166544199,"w":0.9683741331100464},"size":6.70524263381958,"orthographic":false}