{"cameraMode":{"drawMode":0,"name":"Shaded","section":"Shading Mode"},"sceneLighting":true,"audioPlay":false,"sceneViewState":{"m_AlwaysRefresh":false,"showFog":true,"showSkybox":true,"showFlares":true,"showImageEffects":true,"showParticleSystems":true,"showVisualEffectGraphs":true,"m_FxEnabled":true},"in2DMode":false,"pivot":{"x":2.649461269378662,"y":1.043043851852417,"z":1.9099647998809815},"rotation":{"x":0.05821045860648155,"y":-0.9294890761375427,"z":0.16711753606796266,"w":0.3236882984638214},"size":28.079570770263673,"orthographic":false}