{"cameraMode":{"drawMode":0,"name":"Shaded","section":"Shading Mode"},"sceneLighting":true,"audioPlay":false,"sceneViewState":{"m_AlwaysRefresh":false,"showFog":true,"showSkybox":true,"showFlares":true,"showImageEffects":true,"showParticleSystems":true,"showVisualEffectGraphs":true,"m_FxEnabled":true},"in2DMode":false,"pivot":{"x":16.608837127685548,"y":-24.31443214416504,"z":-19.11383819580078},"rotation":{"x":-0.15434060990810395,"y":-0.8434039354324341,"z":0.39592307806015017,"w":-0.32877904176712038},"size":23.501747131347658,"orthographic":false}