{"cameraMode":{"drawMode":0,"name":"Shaded","section":"Shading Mode"},"sceneLighting":true,"audioPlay":false,"sceneViewState":{"m_AlwaysRefresh":false,"showFog":true,"showSkybox":true,"showFlares":true,"showImageEffects":true,"showParticleSystems":true,"showVisualEffectGraphs":true,"m_FxEnabled":true},"in2DMode":false,"pivot":{"x":2.998612880706787,"y":-0.14542055130004884,"z":7.172628879547119},"rotation":{"x":0.5688583254814148,"y":0.0234316885471344,"z":-0.016216857358813287,"w":0.8219417929649353},"size":4.630548477172852,"orthographic":false}