{"cameraMode":{"drawMode":0,"name":"Shaded","section":"Shading Mode"},"sceneLighting":true,"audioPlay":false,"sceneViewState":{"m_AlwaysRefresh":false,"showFog":true,"showSkybox":true,"showFlares":true,"showImageEffects":true,"showParticleSystems":true,"showVisualEffectGraphs":true,"m_FxEnabled":true},"in2DMode":false,"pivot":{"x":18.802377700805665,"y":-5.823385715484619,"z":15.870576858520508},"rotation":{"x":0.25353750586509707,"y":0.1085495874285698,"z":-0.028640922158956529,"w":0.9608043432235718},"size":8.471084594726563,"orthographic":false}