{"cameraMode":{"drawMode":0,"name":"Shaded","section":"Shading Mode"},"sceneLighting":true,"audioPlay":false,"sceneViewState":{"m_AlwaysRefresh":false,"showFog":true,"showSkybox":true,"showFlares":true,"showImageEffects":true,"showParticleSystems":true,"showVisualEffectGraphs":true,"m_FxEnabled":true},"in2DMode":false,"pivot":{"x":1.170993685722351,"y":-5.551580429077148,"z":27.641403198242189},"rotation":{"x":0.6213628053665161,"y":-0.005876343231648207,"z":0.004660555627197027,"w":0.7834921479225159},"size":28.423030853271486,"orthographic":false}