{"cameraMode":{"drawMode":0,"name":"Shaded","section":"Shading Mode"},"sceneLighting":true,"audioPlay":false,"sceneViewState":{"m_AlwaysRefresh":false,"showFog":true,"showSkybox":true,"showFlares":true,"showImageEffects":true,"showParticleSystems":true,"showVisualEffectGraphs":true,"m_FxEnabled":true},"in2DMode":false,"pivot":{"x":5.45993185043335,"y":0.9527128338813782,"z":1.3830946683883668},"rotation":{"x":-0.028868885710835458,"y":0.7255028486251831,"z":-0.03048890270292759,"w":-0.686939537525177},"size":0.36455807089805605,"orthographic":false}