{"cameraMode":{"drawMode":0,"name":"Shaded","section":"Shading Mode"},"sceneLighting":false,"audioPlay":false,"sceneViewState":{"m_AlwaysRefresh":false,"showFog":true,"showSkybox":false,"showFlares":true,"showImageEffects":true,"showParticleSystems":true,"showVisualEffectGraphs":true,"m_FxEnabled":true},"in2DMode":false,"pivot":{"x":-15.720000267028809,"y":0.0000152587890625,"z":-0.3700000047683716},"rotation":{"x":0.3564426004886627,"y":0.28540050983428957,"z":-0.11531870812177658,"w":0.8821567296981812},"size":0.5196154117584229,"orthographic":false}