{"cameraMode":{"drawMode":0,"name":"Shaded","section":"Shading Mode"},"sceneLighting":false,"audioPlay":false,"sceneViewState":{"m_AlwaysRefresh":false,"showFog":false,"showSkybox":false,"showFlares":false,"showImageEffects":false,"showParticleSystems":false,"showVisualEffectGraphs":true,"m_FxEnabled":true},"in2DMode":false,"pivot":{"x":0.014673709869384766,"y":1.997899055480957,"z":-0.6476160287857056},"rotation":{"x":-0.020933961495757104,"y":-0.9788262844085693,"z":0.13235068321228028,"w":-0.15483979880809785},"size":2.91017484664917,"orthographic":false}