{"cameraMode":{"drawMode":0,"name":"Shaded","section":"Shading Mode"},"sceneLighting":false,"audioPlay":false,"sceneViewState":{"m_AlwaysRefresh":false,"showFog":true,"showSkybox":false,"showFlares":true,"showImageEffects":true,"showParticleSystems":true,"showVisualEffectGraphs":true,"m_FxEnabled":true},"in2DMode":false,"pivot":{"x":4.579450607299805,"y":1.6738210916519166,"z":-0.13967669010162354},"rotation":{"x":0.5261777639389038,"y":0.46082615852355959,"z":-0.41858354210853579,"w":0.5792815685272217},"size":4.010524272918701,"orthographic":false}