{"cameraMode":{"drawMode":0,"name":"Shaded","section":"Shading Mode"},"sceneLighting":false,"audioPlay":false,"sceneViewState":{"m_AlwaysRefresh":false,"showFog":true,"showSkybox":false,"showFlares":true,"showImageEffects":true,"showParticleSystems":true,"showVisualEffectGraphs":true,"m_FxEnabled":true},"in2DMode":false,"pivot":{"x":2.593351364135742,"y":2.4101099967956545,"z":0.9405777454376221},"rotation":{"x":0.34744611382484438,"y":0.08563054352998734,"z":-0.03188328817486763,"w":0.9332518577575684},"size":3.048555850982666,"orthographic":false}