{"cameraMode":{"drawMode":0,"name":"Shaded","section":"Shading Mode"},"sceneLighting":false,"audioPlay":false,"sceneViewState":{"m_AlwaysRefresh":false,"showFog":true,"showSkybox":false,"showFlares":true,"showImageEffects":true,"showParticleSystems":true,"showVisualEffectGraphs":true,"m_FxEnabled":true},"in2DMode":false,"pivot":{"x":-0.3647423982620239,"y":0.08302189409732819,"z":0.4708006680011749},"rotation":{"x":-0.017273958772420884,"y":0.6405291557312012,"z":0.014414386823773384,"w":0.7676047682762146},"size":0.5943419337272644,"orthographic":false}