{"cameraMode":{"drawMode":0,"name":"Shaded","section":"Shading Mode"},"sceneLighting":false,"audioPlay":false,"sceneViewState":{"m_AlwaysRefresh":false,"showFog":true,"showSkybox":false,"showFlares":true,"showImageEffects":true,"showParticleSystems":true,"showVisualEffectGraphs":true,"m_FxEnabled":true},"in2DMode":false,"pivot":{"x":-12.529999732971192,"y":-2.9600000381469728,"z":-0.3999999761581421},"rotation":{"x":0.35866406559944155,"y":0.6412605047225952,"z":-0.47347185015678408,"w":0.48576751351356509},"size":2.598076105117798,"orthographic":false}