{"cameraMode":{"drawMode":0,"name":"Shaded","section":"Shading Mode"},"sceneLighting":true,"audioPlay":false,"sceneViewState":{"m_AlwaysRefresh":false,"showFog":true,"showSkybox":false,"showFlares":true,"showImageEffects":true,"showParticleSystems":true,"showVisualEffectGraphs":true,"m_FxEnabled":true},"in2DMode":false,"pivot":{"x":135.73605346679688,"y":37.0123291015625,"z":443.6467590332031},"rotation":{"x":0.18858207762241364,"y":-0.8094958662986755,"z":0.42297789454460146,"w":0.36091411113739016},"size":16.474884033203126,"orthographic":false}