{"cameraMode":{"drawMode":0,"name":"Shaded","section":"Shading Mode"},"sceneLighting":false,"audioPlay":false,"sceneViewState":{"m_AlwaysRefresh":false,"showFog":true,"showSkybox":false,"showFlares":true,"showImageEffects":true,"showParticleSystems":true,"showVisualEffectGraphs":true,"m_FxEnabled":true},"in2DMode":false,"pivot":{"x":0.003218024969100952,"y":-1.9143916368484498,"z":-0.1631988286972046},"rotation":{"x":-0.16429594159126283,"y":0.09953474998474121,"z":-0.0166661087423563,"w":-0.981239914894104},"size":2.0814247131347658,"orthographic":false}