{"cameraMode":{"drawMode":0,"name":"Shaded","section":"Shading Mode"},"sceneLighting":false,"audioPlay":false,"sceneViewState":{"m_AlwaysRefresh":false,"showFog":true,"showSkybox":false,"showFlares":true,"showImageEffects":true,"showParticleSystems":true,"showVisualEffectGraphs":true,"m_FxEnabled":true},"in2DMode":false,"pivot":{"x":8.58675479888916,"y":0.8840949535369873,"z":4.037768363952637},"rotation":{"x":-0.02009979635477066,"y":-0.008998055942356587,"z":-0.00018090163939632475,"w":0.9997571110725403},"size":4.933265686035156,"orthographic":false}